../data/yalefaces--eyewear/subject09/subject09.normal.jpg;9
../data/yalefaces--eyewear/subject09/subject09.leftlight.jpg;9
../data/yalefaces--eyewear/subject09/subject09.wink.jpg;9
../data/yalefaces--eyewear/subject09/subject09.centerlight.jpg;9
../data/yalefaces--eyewear/subject09/subject09.sleepy.jpg;9
../data/yalefaces--eyewear/subject09/subject09.rightlight.jpg;9
../data/yalefaces--eyewear/subject09/subject09.sad.jpg;9
../data/yalefaces--eyewear/subject09/subject09.noglasses.jpg;9
../data/yalefaces--eyewear/subject09/subject09.surprised.jpg;9
